,Path,Label
0,D:/other/python/IMT/Breast Cancer/Breast-Cancer/Data/benign/benign (1).png,benign
1,D:/other/python/IMT/Breast Cancer/Breast-Cancer/Data/benign/benign (2).png,benign
2,D:/other/python/IMT/Breast Cancer/Breast-Cancer/Data/benign/benign (3).png,benign
3,D:/other/python/IMT/Breast Cancer/Breast-Cancer/Data/benign/benign (4).png,benign
4,D:/other/python/IMT/Breast Cancer/Breast-Cancer/Data/benign/benign (5).png,benign
5,D:/other/python/IMT/Breast Cancer/Breast-Cancer/Data/benign/benign (6).png,benign
6,D:/other/python/IMT/Breast Cancer/Breast-Cancer/Data/benign/benign (7).png,benign
7,D:/other/python/IMT/Breast Cancer/Breast-Cancer/Data/benign/benign (8).png,benign
8,D:/other/python/IMT/Breast Cancer/Breast-Cancer/Data/benign/benign (9).png,benign
9,D:/other/python/IMT/Breast Cancer/Breast-Cancer/Data/benign/benign (10).png,benign
10,D:/other/python/IMT/Breast Cancer/Breast-Cancer/Data/benign/benign (11).png,benign
11,D:/other/python/IMT/Breast Cancer/Breast-Cancer/Data/benign/benign (12).png,benign
12,D:/other/python/IMT/Breast Cancer/Breast-Cancer/Data/benign/benign (13).png,benign
13,D:/other/python/IMT/Breast Cancer/Breast-Cancer/Data/benign/benign (14).png,benign
14,D:/other/python/IMT/Breast Cancer/Breast-Cancer/Data/benign/benign (15).png,benign
15,D:/other/python/IMT/Breast Cancer/Breast-Cancer/Data/benign/benign (16).png,benign
16,D:/other/python/IMT/Breast Cancer/Breast-Cancer/Data/benign/benign (17).png,benign
17,D:/other/python/IMT/Breast Cancer/Breast-Cancer/Data/benign/benign (18).png,benign
18,D:/other/python/IMT/Breast Cancer/Breast-Cancer/Data/benign/benign (19).png,benign
19,D:/other/python/IMT/Breast Cancer/Breast-Cancer/Data/benign/benign (20).png,benign
20,D:/other/python/IMT/Breast Cancer/Breast-Cancer/Data/benign/benign (21).png,benign
21,D:/other/python/IMT/Breast Cancer/Breast-Cancer/Data/benign/benign (22).png,benign
22,D:/other/python/IMT/Breast Cancer/Breast-Cancer/Data/benign/benign (23).png,benign
23,D:/other/python/IMT/Breast Cancer/Breast-Cancer/Data/benign/benign (24).png,benign
24,D:/other/python/IMT/Breast Cancer/Breast-Cancer/Data/benign/benign (25).png,benign
25,D:/other/python/IMT/Breast Cancer/Breast-Cancer/Data/benign/benign (26).png,benign
26,D:/other/python/IMT/Breast Cancer/Breast-Cancer/Data/benign/benign (27).png,benign
27,D:/other/python/IMT/Breast Cancer/Breast-Cancer/Data/benign/benign (28).png,benign
28,D:/other/python/IMT/Breast Cancer/Breast-Cancer/Data/benign/benign (29).png,benign
29,D:/other/python/IMT/Breast Cancer/Breast-Cancer/Data/benign/benign (30).png,benign
30,D:/other/python/IMT/Breast Cancer/Breast-Cancer/Data/benign/benign (31).png,benign
31,D:/other/python/IMT/Breast Cancer/Breast-Cancer/Data/benign/benign (32).png,benign
32,D:/other/python/IMT/Breast Cancer/Breast-Cancer/Data/benign/benign (33).png,benign
33,D:/other/python/IMT/Breast Cancer/Breast-Cancer/Data/benign/benign (34).png,benign
34,D:/other/python/IMT/Breast Cancer/Breast-Cancer/Data/benign/benign (35).png,benign
35,D:/other/python/IMT/Breast Cancer/Breast-Cancer/Data/benign/benign (36).png,benign
36,D:/other/python/IMT/Breast Cancer/Breast-Cancer/Data/benign/benign (37).png,benign
37,D:/other/python/IMT/Breast Cancer/Breast-Cancer/Data/benign/benign (38).png,benign
38,D:/other/python/IMT/Breast Cancer/Breast-Cancer/Data/benign/benign (39).png,benign
39,D:/other/python/IMT/Breast Cancer/Breast-Cancer/Data/benign/benign (40).png,benign
40,D:/other/python/IMT/Breast Cancer/Breast-Cancer/Data/benign/benign (41).png,benign
41,D:/other/python/IMT/Breast Cancer/Breast-Cancer/Data/benign/benign (42).png,benign
42,D:/other/python/IMT/Breast Cancer/Breast-Cancer/Data/benign/benign (43).png,benign
43,D:/other/python/IMT/Breast Cancer/Breast-Cancer/Data/benign/benign (44).png,benign
44,D:/other/python/IMT/Breast Cancer/Breast-Cancer/Data/benign/benign (45).png,benign
45,D:/other/python/IMT/Breast Cancer/Breast-Cancer/Data/benign/benign (46).png,benign
46,D:/other/python/IMT/Breast Cancer/Breast-Cancer/Data/benign/benign (47).png,benign
47,D:/other/python/IMT/Breast Cancer/Breast-Cancer/Data/benign/benign (48).png,benign
48,D:/other/python/IMT/Breast Cancer/Breast-Cancer/Data/benign/benign (49).png,benign
49,D:/other/python/IMT/Breast Cancer/Breast-Cancer/Data/benign/benign (50).png,benign
50,D:/other/python/IMT/Breast Cancer/Breast-Cancer/Data/benign/benign (51).png,benign
51,D:/other/python/IMT/Breast Cancer/Breast-Cancer/Data/benign/benign (52).png,benign
52,D:/other/python/IMT/Breast Cancer/Breast-Cancer/Data/benign/benign (53).png,benign
53,D:/other/python/IMT/Breast Cancer/Breast-Cancer/Data/benign/benign (54).png,benign
54,D:/other/python/IMT/Breast Cancer/Breast-Cancer/Data/benign/benign (55).png,benign
55,D:/other/python/IMT/Breast Cancer/Breast-Cancer/Data/benign/benign (56).png,benign
56,D:/other/python/IMT/Breast Cancer/Breast-Cancer/Data/benign/benign (57).png,benign
57,D:/other/python/IMT/Breast Cancer/Breast-Cancer/Data/benign/benign (58).png,benign
58,D:/other/python/IMT/Breast Cancer/Breast-Cancer/Data/benign/benign (59).png,benign
59,D:/other/python/IMT/Breast Cancer/Breast-Cancer/Data/benign/benign (60).png,benign
60,D:/other/python/IMT/Breast Cancer/Breast-Cancer/Data/benign/benign (61).png,benign
61,D:/other/python/IMT/Breast Cancer/Breast-Cancer/Data/benign/benign (62).png,benign
62,D:/other/python/IMT/Breast Cancer/Breast-Cancer/Data/benign/benign (63).png,benign
63,D:/other/python/IMT/Breast Cancer/Breast-Cancer/Data/benign/benign (64).png,benign
64,D:/other/python/IMT/Breast Cancer/Breast-Cancer/Data/benign/benign (65).png,benign
65,D:/other/python/IMT/Breast Cancer/Breast-Cancer/Data/benign/benign (66).png,benign
66,D:/other/python/IMT/Breast Cancer/Breast-Cancer/Data/benign/benign (67).png,benign
67,D:/other/python/IMT/Breast Cancer/Breast-Cancer/Data/benign/benign (68).png,benign
68,D:/other/python/IMT/Breast Cancer/Breast-Cancer/Data/benign/benign (69).png,benign
69,D:/other/python/IMT/Breast Cancer/Breast-Cancer/Data/benign/benign (70).png,benign
70,D:/other/python/IMT/Breast Cancer/Breast-Cancer/Data/benign/benign (71).png,benign
71,D:/other/python/IMT/Breast Cancer/Breast-Cancer/Data/benign/benign (72).png,benign
72,D:/other/python/IMT/Breast Cancer/Breast-Cancer/Data/benign/benign (73).png,benign
73,D:/other/python/IMT/Breast Cancer/Breast-Cancer/Data/benign/benign (74).png,benign
74,D:/other/python/IMT/Breast Cancer/Breast-Cancer/Data/benign/benign (75).png,benign
75,D:/other/python/IMT/Breast Cancer/Breast-Cancer/Data/benign/benign (76).png,benign
76,D:/other/python/IMT/Breast Cancer/Breast-Cancer/Data/benign/benign (77).png,benign
77,D:/other/python/IMT/Breast Cancer/Breast-Cancer/Data/benign/benign (78).png,benign
78,D:/other/python/IMT/Breast Cancer/Breast-Cancer/Data/benign/benign (79).png,benign
79,D:/other/python/IMT/Breast Cancer/Breast-Cancer/Data/benign/benign (80).png,benign
80,D:/other/python/IMT/Breast Cancer/Breast-Cancer/Data/benign/benign (81).png,benign
81,D:/other/python/IMT/Breast Cancer/Breast-Cancer/Data/benign/benign (82).png,benign
82,D:/other/python/IMT/Breast Cancer/Breast-Cancer/Data/benign/benign (83).png,benign
83,D:/other/python/IMT/Breast Cancer/Breast-Cancer/Data/benign/benign (84).png,benign
84,D:/other/python/IMT/Breast Cancer/Breast-Cancer/Data/benign/benign (85).png,benign
85,D:/other/python/IMT/Breast Cancer/Breast-Cancer/Data/benign/benign (86).png,benign
86,D:/other/python/IMT/Breast Cancer/Breast-Cancer/Data/benign/benign (87).png,benign
87,D:/other/python/IMT/Breast Cancer/Breast-Cancer/Data/benign/benign (88).png,benign
88,D:/other/python/IMT/Breast Cancer/Breast-Cancer/Data/benign/benign (89).png,benign
89,D:/other/python/IMT/Breast Cancer/Breast-Cancer/Data/benign/benign (90).png,benign
90,D:/other/python/IMT/Breast Cancer/Breast-Cancer/Data/benign/benign (91).png,benign
91,D:/other/python/IMT/Breast Cancer/Breast-Cancer/Data/benign/benign (92).png,benign
92,D:/other/python/IMT/Breast Cancer/Breast-Cancer/Data/benign/benign (93).png,benign
93,D:/other/python/IMT/Breast Cancer/Breast-Cancer/Data/benign/benign (94).png,benign
94,D:/other/python/IMT/Breast Cancer/Breast-Cancer/Data/benign/benign (95).png,benign
95,D:/other/python/IMT/Breast Cancer/Breast-Cancer/Data/benign/benign (96).png,benign
96,D:/other/python/IMT/Breast Cancer/Breast-Cancer/Data/benign/benign (97).png,benign
97,D:/other/python/IMT/Breast Cancer/Breast-Cancer/Data/benign/benign (98).png,benign
98,D:/other/python/IMT/Breast Cancer/Breast-Cancer/Data/benign/benign (99).png,benign
99,D:/other/python/IMT/Breast Cancer/Breast-Cancer/Data/benign/benign (100).png,benign
100,D:/other/python/IMT/Breast Cancer/Breast-Cancer/Data/benign/benign (101).png,benign
101,D:/other/python/IMT/Breast Cancer/Breast-Cancer/Data/benign/benign (102).png,benign
102,D:/other/python/IMT/Breast Cancer/Breast-Cancer/Data/benign/benign (103).png,benign
103,D:/other/python/IMT/Breast Cancer/Breast-Cancer/Data/benign/benign (104).png,benign
104,D:/other/python/IMT/Breast Cancer/Breast-Cancer/Data/benign/benign (105).png,benign
105,D:/other/python/IMT/Breast Cancer/Breast-Cancer/Data/benign/benign (106).png,benign
106,D:/other/python/IMT/Breast Cancer/Breast-Cancer/Data/benign/benign (107).png,benign
107,D:/other/python/IMT/Breast Cancer/Breast-Cancer/Data/benign/benign (108).png,benign
108,D:/other/python/IMT/Breast Cancer/Breast-Cancer/Data/benign/benign (109).png,benign
109,D:/other/python/IMT/Breast Cancer/Breast-Cancer/Data/benign/benign (110).png,benign
110,D:/other/python/IMT/Breast Cancer/Breast-Cancer/Data/benign/benign (111).png,benign
111,D:/other/python/IMT/Breast Cancer/Breast-Cancer/Data/benign/benign (112).png,benign
112,D:/other/python/IMT/Breast Cancer/Breast-Cancer/Data/benign/benign (113).png,benign
113,D:/other/python/IMT/Breast Cancer/Breast-Cancer/Data/benign/benign (114).png,benign
114,D:/other/python/IMT/Breast Cancer/Breast-Cancer/Data/benign/benign (115).png,benign
115,D:/other/python/IMT/Breast Cancer/Breast-Cancer/Data/benign/benign (116).png,benign
116,D:/other/python/IMT/Breast Cancer/Breast-Cancer/Data/benign/benign (117).png,benign
117,D:/other/python/IMT/Breast Cancer/Breast-Cancer/Data/benign/benign (118).png,benign
118,D:/other/python/IMT/Breast Cancer/Breast-Cancer/Data/benign/benign (119).png,benign
119,D:/other/python/IMT/Breast Cancer/Breast-Cancer/Data/benign/benign (120).png,benign
120,D:/other/python/IMT/Breast Cancer/Breast-Cancer/Data/benign/benign (121).png,benign
121,D:/other/python/IMT/Breast Cancer/Breast-Cancer/Data/benign/benign (122).png,benign
122,D:/other/python/IMT/Breast Cancer/Breast-Cancer/Data/benign/benign (123).png,benign
123,D:/other/python/IMT/Breast Cancer/Breast-Cancer/Data/benign/benign (124).png,benign
124,D:/other/python/IMT/Breast Cancer/Breast-Cancer/Data/benign/benign (125).png,benign
125,D:/other/python/IMT/Breast Cancer/Breast-Cancer/Data/benign/benign (126).png,benign
126,D:/other/python/IMT/Breast Cancer/Breast-Cancer/Data/benign/benign (127).png,benign
127,D:/other/python/IMT/Breast Cancer/Breast-Cancer/Data/benign/benign (128).png,benign
128,D:/other/python/IMT/Breast Cancer/Breast-Cancer/Data/benign/benign (129).png,benign
129,D:/other/python/IMT/Breast Cancer/Breast-Cancer/Data/benign/benign (130).png,benign
130,D:/other/python/IMT/Breast Cancer/Breast-Cancer/Data/benign/benign (131).png,benign
131,D:/other/python/IMT/Breast Cancer/Breast-Cancer/Data/benign/benign (132).png,benign
132,D:/other/python/IMT/Breast Cancer/Breast-Cancer/Data/benign/benign (133).png,benign
133,D:/other/python/IMT/Breast Cancer/Breast-Cancer/Data/benign/benign (134).png,benign
134,D:/other/python/IMT/Breast Cancer/Breast-Cancer/Data/benign/benign (135).png,benign
135,D:/other/python/IMT/Breast Cancer/Breast-Cancer/Data/benign/benign (136).png,benign
136,D:/other/python/IMT/Breast Cancer/Breast-Cancer/Data/benign/benign (137).png,benign
137,D:/other/python/IMT/Breast Cancer/Breast-Cancer/Data/benign/benign (138).png,benign
138,D:/other/python/IMT/Breast Cancer/Breast-Cancer/Data/benign/benign (139).png,benign
139,D:/other/python/IMT/Breast Cancer/Breast-Cancer/Data/benign/benign (140).png,benign
140,D:/other/python/IMT/Breast Cancer/Breast-Cancer/Data/benign/benign (141).png,benign
141,D:/other/python/IMT/Breast Cancer/Breast-Cancer/Data/benign/benign (142).png,benign
142,D:/other/python/IMT/Breast Cancer/Breast-Cancer/Data/benign/benign (143).png,benign
143,D:/other/python/IMT/Breast Cancer/Breast-Cancer/Data/benign/benign (144).png,benign
144,D:/other/python/IMT/Breast Cancer/Breast-Cancer/Data/benign/benign (145).png,benign
145,D:/other/python/IMT/Breast Cancer/Breast-Cancer/Data/benign/benign (146).png,benign
146,D:/other/python/IMT/Breast Cancer/Breast-Cancer/Data/benign/benign (147).png,benign
147,D:/other/python/IMT/Breast Cancer/Breast-Cancer/Data/benign/benign (148).png,benign
148,D:/other/python/IMT/Breast Cancer/Breast-Cancer/Data/benign/benign (149).png,benign
149,D:/other/python/IMT/Breast Cancer/Breast-Cancer/Data/benign/benign (150).png,benign
150,D:/other/python/IMT/Breast Cancer/Breast-Cancer/Data/benign/benign (151).png,benign
151,D:/other/python/IMT/Breast Cancer/Breast-Cancer/Data/benign/benign (152).png,benign
152,D:/other/python/IMT/Breast Cancer/Breast-Cancer/Data/benign/benign (153).png,benign
153,D:/other/python/IMT/Breast Cancer/Breast-Cancer/Data/benign/benign (154).png,benign
154,D:/other/python/IMT/Breast Cancer/Breast-Cancer/Data/benign/benign (155).png,benign
155,D:/other/python/IMT/Breast Cancer/Breast-Cancer/Data/benign/benign (156).png,benign
156,D:/other/python/IMT/Breast Cancer/Breast-Cancer/Data/benign/benign (157).png,benign
157,D:/other/python/IMT/Breast Cancer/Breast-Cancer/Data/benign/benign (158).png,benign
158,D:/other/python/IMT/Breast Cancer/Breast-Cancer/Data/benign/benign (159).png,benign
159,D:/other/python/IMT/Breast Cancer/Breast-Cancer/Data/benign/benign (160).png,benign
160,D:/other/python/IMT/Breast Cancer/Breast-Cancer/Data/benign/benign (161).png,benign
161,D:/other/python/IMT/Breast Cancer/Breast-Cancer/Data/benign/benign (162).png,benign
162,D:/other/python/IMT/Breast Cancer/Breast-Cancer/Data/benign/benign (163).png,benign
163,D:/other/python/IMT/Breast Cancer/Breast-Cancer/Data/benign/benign (164).png,benign
164,D:/other/python/IMT/Breast Cancer/Breast-Cancer/Data/benign/benign (165).png,benign
165,D:/other/python/IMT/Breast Cancer/Breast-Cancer/Data/benign/benign (166).png,benign
166,D:/other/python/IMT/Breast Cancer/Breast-Cancer/Data/benign/benign (167).png,benign
167,D:/other/python/IMT/Breast Cancer/Breast-Cancer/Data/benign/benign (168).png,benign
168,D:/other/python/IMT/Breast Cancer/Breast-Cancer/Data/benign/benign (169).png,benign
169,D:/other/python/IMT/Breast Cancer/Breast-Cancer/Data/benign/benign (170).png,benign
170,D:/other/python/IMT/Breast Cancer/Breast-Cancer/Data/benign/benign (171).png,benign
171,D:/other/python/IMT/Breast Cancer/Breast-Cancer/Data/benign/benign (172).png,benign
172,D:/other/python/IMT/Breast Cancer/Breast-Cancer/Data/benign/benign (173).png,benign
173,D:/other/python/IMT/Breast Cancer/Breast-Cancer/Data/benign/benign (174).png,benign
174,D:/other/python/IMT/Breast Cancer/Breast-Cancer/Data/benign/benign (175).png,benign
175,D:/other/python/IMT/Breast Cancer/Breast-Cancer/Data/benign/benign (176).png,benign
176,D:/other/python/IMT/Breast Cancer/Breast-Cancer/Data/benign/benign (177).png,benign
177,D:/other/python/IMT/Breast Cancer/Breast-Cancer/Data/benign/benign (178).png,benign
178,D:/other/python/IMT/Breast Cancer/Breast-Cancer/Data/benign/benign (179).png,benign
179,D:/other/python/IMT/Breast Cancer/Breast-Cancer/Data/benign/benign (180).png,benign
180,D:/other/python/IMT/Breast Cancer/Breast-Cancer/Data/benign/benign (181).png,benign
181,D:/other/python/IMT/Breast Cancer/Breast-Cancer/Data/benign/benign (182).png,benign
182,D:/other/python/IMT/Breast Cancer/Breast-Cancer/Data/benign/benign (183).png,benign
183,D:/other/python/IMT/Breast Cancer/Breast-Cancer/Data/benign/benign (184).png,benign
184,D:/other/python/IMT/Breast Cancer/Breast-Cancer/Data/benign/benign (185).png,benign
185,D:/other/python/IMT/Breast Cancer/Breast-Cancer/Data/benign/benign (186).png,benign
186,D:/other/python/IMT/Breast Cancer/Breast-Cancer/Data/benign/benign (187).png,benign
187,D:/other/python/IMT/Breast Cancer/Breast-Cancer/Data/benign/benign (188).png,benign
188,D:/other/python/IMT/Breast Cancer/Breast-Cancer/Data/benign/benign (189).png,benign
189,D:/other/python/IMT/Breast Cancer/Breast-Cancer/Data/benign/benign (190).png,benign
190,D:/other/python/IMT/Breast Cancer/Breast-Cancer/Data/benign/benign (191).png,benign
191,D:/other/python/IMT/Breast Cancer/Breast-Cancer/Data/benign/benign (192).png,benign
192,D:/other/python/IMT/Breast Cancer/Breast-Cancer/Data/benign/benign (193).png,benign
193,D:/other/python/IMT/Breast Cancer/Breast-Cancer/Data/benign/benign (194).png,benign
194,D:/other/python/IMT/Breast Cancer/Breast-Cancer/Data/benign/benign (195).png,benign
195,D:/other/python/IMT/Breast Cancer/Breast-Cancer/Data/benign/benign (196).png,benign
196,D:/other/python/IMT/Breast Cancer/Breast-Cancer/Data/benign/benign (197).png,benign
197,D:/other/python/IMT/Breast Cancer/Breast-Cancer/Data/benign/benign (198).png,benign
198,D:/other/python/IMT/Breast Cancer/Breast-Cancer/Data/benign/benign (199).png,benign
199,D:/other/python/IMT/Breast Cancer/Breast-Cancer/Data/benign/benign (200).png,benign
200,D:/other/python/IMT/Breast Cancer/Breast-Cancer/Data/benign/benign (201).png,benign
201,D:/other/python/IMT/Breast Cancer/Breast-Cancer/Data/benign/benign (202).png,benign
202,D:/other/python/IMT/Breast Cancer/Breast-Cancer/Data/benign/benign (203).png,benign
203,D:/other/python/IMT/Breast Cancer/Breast-Cancer/Data/benign/benign (204).png,benign
204,D:/other/python/IMT/Breast Cancer/Breast-Cancer/Data/benign/benign (205).png,benign
205,D:/other/python/IMT/Breast Cancer/Breast-Cancer/Data/benign/benign (206).png,benign
206,D:/other/python/IMT/Breast Cancer/Breast-Cancer/Data/benign/benign (207).png,benign
207,D:/other/python/IMT/Breast Cancer/Breast-Cancer/Data/benign/benign (208).png,benign
208,D:/other/python/IMT/Breast Cancer/Breast-Cancer/Data/benign/benign (209).png,benign
209,D:/other/python/IMT/Breast Cancer/Breast-Cancer/Data/benign/benign (210).png,benign
210,D:/other/python/IMT/Breast Cancer/Breast-Cancer/Data/benign/benign (211).png,benign
211,D:/other/python/IMT/Breast Cancer/Breast-Cancer/Data/benign/benign (212).png,benign
212,D:/other/python/IMT/Breast Cancer/Breast-Cancer/Data/benign/benign (213).png,benign
213,D:/other/python/IMT/Breast Cancer/Breast-Cancer/Data/benign/benign (214).png,benign
214,D:/other/python/IMT/Breast Cancer/Breast-Cancer/Data/benign/benign (215).png,benign
215,D:/other/python/IMT/Breast Cancer/Breast-Cancer/Data/benign/benign (216).png,benign
216,D:/other/python/IMT/Breast Cancer/Breast-Cancer/Data/benign/benign (217).png,benign
217,D:/other/python/IMT/Breast Cancer/Breast-Cancer/Data/benign/benign (218).png,benign
218,D:/other/python/IMT/Breast Cancer/Breast-Cancer/Data/benign/benign (219).png,benign
219,D:/other/python/IMT/Breast Cancer/Breast-Cancer/Data/benign/benign (220).png,benign
220,D:/other/python/IMT/Breast Cancer/Breast-Cancer/Data/benign/benign (221).png,benign
221,D:/other/python/IMT/Breast Cancer/Breast-Cancer/Data/benign/benign (222).png,benign
222,D:/other/python/IMT/Breast Cancer/Breast-Cancer/Data/benign/benign (223).png,benign
223,D:/other/python/IMT/Breast Cancer/Breast-Cancer/Data/benign/benign (224).png,benign
224,D:/other/python/IMT/Breast Cancer/Breast-Cancer/Data/benign/benign (225).png,benign
225,D:/other/python/IMT/Breast Cancer/Breast-Cancer/Data/benign/benign (226).png,benign
226,D:/other/python/IMT/Breast Cancer/Breast-Cancer/Data/benign/benign (227).png,benign
227,D:/other/python/IMT/Breast Cancer/Breast-Cancer/Data/benign/benign (228).png,benign
228,D:/other/python/IMT/Breast Cancer/Breast-Cancer/Data/benign/benign (229).png,benign
229,D:/other/python/IMT/Breast Cancer/Breast-Cancer/Data/benign/benign (230).png,benign
230,D:/other/python/IMT/Breast Cancer/Breast-Cancer/Data/benign/benign (231).png,benign
231,D:/other/python/IMT/Breast Cancer/Breast-Cancer/Data/benign/benign (232).png,benign
232,D:/other/python/IMT/Breast Cancer/Breast-Cancer/Data/benign/benign (233).png,benign
233,D:/other/python/IMT/Breast Cancer/Breast-Cancer/Data/benign/benign (234).png,benign
234,D:/other/python/IMT/Breast Cancer/Breast-Cancer/Data/benign/benign (235).png,benign
235,D:/other/python/IMT/Breast Cancer/Breast-Cancer/Data/benign/benign (236).png,benign
236,D:/other/python/IMT/Breast Cancer/Breast-Cancer/Data/benign/benign (237).png,benign
237,D:/other/python/IMT/Breast Cancer/Breast-Cancer/Data/benign/benign (238).png,benign
238,D:/other/python/IMT/Breast Cancer/Breast-Cancer/Data/benign/benign (239).png,benign
239,D:/other/python/IMT/Breast Cancer/Breast-Cancer/Data/benign/benign (240).png,benign
240,D:/other/python/IMT/Breast Cancer/Breast-Cancer/Data/benign/benign (241).png,benign
241,D:/other/python/IMT/Breast Cancer/Breast-Cancer/Data/benign/benign (242).png,benign
242,D:/other/python/IMT/Breast Cancer/Breast-Cancer/Data/benign/benign (243).png,benign
243,D:/other/python/IMT/Breast Cancer/Breast-Cancer/Data/benign/benign (244).png,benign
244,D:/other/python/IMT/Breast Cancer/Breast-Cancer/Data/benign/benign (245).png,benign
245,D:/other/python/IMT/Breast Cancer/Breast-Cancer/Data/benign/benign (246).png,benign
246,D:/other/python/IMT/Breast Cancer/Breast-Cancer/Data/benign/benign (247).png,benign
247,D:/other/python/IMT/Breast Cancer/Breast-Cancer/Data/benign/benign (248).png,benign
248,D:/other/python/IMT/Breast Cancer/Breast-Cancer/Data/benign/benign (249).png,benign
249,D:/other/python/IMT/Breast Cancer/Breast-Cancer/Data/benign/benign (250).png,benign
250,D:/other/python/IMT/Breast Cancer/Breast-Cancer/Data/benign/benign (251).png,benign
251,D:/other/python/IMT/Breast Cancer/Breast-Cancer/Data/benign/benign (252).png,benign
252,D:/other/python/IMT/Breast Cancer/Breast-Cancer/Data/benign/benign (253).png,benign
253,D:/other/python/IMT/Breast Cancer/Breast-Cancer/Data/benign/benign (254).png,benign
254,D:/other/python/IMT/Breast Cancer/Breast-Cancer/Data/benign/benign (255).png,benign
255,D:/other/python/IMT/Breast Cancer/Breast-Cancer/Data/benign/benign (256).png,benign
256,D:/other/python/IMT/Breast Cancer/Breast-Cancer/Data/benign/benign (257).png,benign
257,D:/other/python/IMT/Breast Cancer/Breast-Cancer/Data/benign/benign (258).png,benign
258,D:/other/python/IMT/Breast Cancer/Breast-Cancer/Data/benign/benign (259).png,benign
259,D:/other/python/IMT/Breast Cancer/Breast-Cancer/Data/benign/benign (260).png,benign
260,D:/other/python/IMT/Breast Cancer/Breast-Cancer/Data/benign/benign (261).png,benign
261,D:/other/python/IMT/Breast Cancer/Breast-Cancer/Data/benign/benign (262).png,benign
262,D:/other/python/IMT/Breast Cancer/Breast-Cancer/Data/benign/benign (263).png,benign
263,D:/other/python/IMT/Breast Cancer/Breast-Cancer/Data/benign/benign (264).png,benign
264,D:/other/python/IMT/Breast Cancer/Breast-Cancer/Data/benign/benign (265).png,benign
265,D:/other/python/IMT/Breast Cancer/Breast-Cancer/Data/benign/benign (266).png,benign
266,D:/other/python/IMT/Breast Cancer/Breast-Cancer/Data/benign/benign (267).png,benign
267,D:/other/python/IMT/Breast Cancer/Breast-Cancer/Data/benign/benign (268).png,benign
268,D:/other/python/IMT/Breast Cancer/Breast-Cancer/Data/benign/benign (269).png,benign
269,D:/other/python/IMT/Breast Cancer/Breast-Cancer/Data/benign/benign (270).png,benign
270,D:/other/python/IMT/Breast Cancer/Breast-Cancer/Data/benign/benign (271).png,benign
271,D:/other/python/IMT/Breast Cancer/Breast-Cancer/Data/benign/benign (272).png,benign
272,D:/other/python/IMT/Breast Cancer/Breast-Cancer/Data/benign/benign (273).png,benign
273,D:/other/python/IMT/Breast Cancer/Breast-Cancer/Data/benign/benign (274).png,benign
274,D:/other/python/IMT/Breast Cancer/Breast-Cancer/Data/benign/benign (275).png,benign
275,D:/other/python/IMT/Breast Cancer/Breast-Cancer/Data/benign/benign (276).png,benign
276,D:/other/python/IMT/Breast Cancer/Breast-Cancer/Data/benign/benign (277).png,benign
277,D:/other/python/IMT/Breast Cancer/Breast-Cancer/Data/benign/benign (278).png,benign
278,D:/other/python/IMT/Breast Cancer/Breast-Cancer/Data/benign/benign (279).png,benign
279,D:/other/python/IMT/Breast Cancer/Breast-Cancer/Data/benign/benign (280).png,benign
280,D:/other/python/IMT/Breast Cancer/Breast-Cancer/Data/benign/benign (281).png,benign
281,D:/other/python/IMT/Breast Cancer/Breast-Cancer/Data/benign/benign (282).png,benign
282,D:/other/python/IMT/Breast Cancer/Breast-Cancer/Data/benign/benign (283).png,benign
283,D:/other/python/IMT/Breast Cancer/Breast-Cancer/Data/benign/benign (284).png,benign
284,D:/other/python/IMT/Breast Cancer/Breast-Cancer/Data/benign/benign (285).png,benign
285,D:/other/python/IMT/Breast Cancer/Breast-Cancer/Data/benign/benign (286).png,benign
286,D:/other/python/IMT/Breast Cancer/Breast-Cancer/Data/benign/benign (287).png,benign
287,D:/other/python/IMT/Breast Cancer/Breast-Cancer/Data/benign/benign (288).png,benign
288,D:/other/python/IMT/Breast Cancer/Breast-Cancer/Data/benign/benign (289).png,benign
289,D:/other/python/IMT/Breast Cancer/Breast-Cancer/Data/benign/benign (290).png,benign
290,D:/other/python/IMT/Breast Cancer/Breast-Cancer/Data/benign/benign (291).png,benign
291,D:/other/python/IMT/Breast Cancer/Breast-Cancer/Data/benign/benign (292).png,benign
292,D:/other/python/IMT/Breast Cancer/Breast-Cancer/Data/benign/benign (293).png,benign
293,D:/other/python/IMT/Breast Cancer/Breast-Cancer/Data/benign/benign (294).png,benign
294,D:/other/python/IMT/Breast Cancer/Breast-Cancer/Data/benign/benign (295).png,benign
295,D:/other/python/IMT/Breast Cancer/Breast-Cancer/Data/benign/benign (296).png,benign
296,D:/other/python/IMT/Breast Cancer/Breast-Cancer/Data/benign/benign (297).png,benign
297,D:/other/python/IMT/Breast Cancer/Breast-Cancer/Data/benign/benign (298).png,benign
298,D:/other/python/IMT/Breast Cancer/Breast-Cancer/Data/benign/benign (299).png,benign
299,D:/other/python/IMT/Breast Cancer/Breast-Cancer/Data/benign/benign (300).png,benign
300,D:/other/python/IMT/Breast Cancer/Breast-Cancer/Data/benign/benign (301).png,benign
301,D:/other/python/IMT/Breast Cancer/Breast-Cancer/Data/benign/benign (302).png,benign
302,D:/other/python/IMT/Breast Cancer/Breast-Cancer/Data/benign/benign (303).png,benign
303,D:/other/python/IMT/Breast Cancer/Breast-Cancer/Data/benign/benign (304).png,benign
304,D:/other/python/IMT/Breast Cancer/Breast-Cancer/Data/benign/benign (305).png,benign
305,D:/other/python/IMT/Breast Cancer/Breast-Cancer/Data/benign/benign (306).png,benign
306,D:/other/python/IMT/Breast Cancer/Breast-Cancer/Data/benign/benign (307).png,benign
307,D:/other/python/IMT/Breast Cancer/Breast-Cancer/Data/benign/benign (308).png,benign
308,D:/other/python/IMT/Breast Cancer/Breast-Cancer/Data/benign/benign (309).png,benign
309,D:/other/python/IMT/Breast Cancer/Breast-Cancer/Data/benign/benign (310).png,benign
310,D:/other/python/IMT/Breast Cancer/Breast-Cancer/Data/benign/benign (311).png,benign
311,D:/other/python/IMT/Breast Cancer/Breast-Cancer/Data/benign/benign (312).png,benign
312,D:/other/python/IMT/Breast Cancer/Breast-Cancer/Data/benign/benign (313).png,benign
313,D:/other/python/IMT/Breast Cancer/Breast-Cancer/Data/benign/benign (314).png,benign
314,D:/other/python/IMT/Breast Cancer/Breast-Cancer/Data/benign/benign (315).png,benign
315,D:/other/python/IMT/Breast Cancer/Breast-Cancer/Data/benign/benign (316).png,benign
316,D:/other/python/IMT/Breast Cancer/Breast-Cancer/Data/benign/benign (317).png,benign
317,D:/other/python/IMT/Breast Cancer/Breast-Cancer/Data/benign/benign (318).png,benign
318,D:/other/python/IMT/Breast Cancer/Breast-Cancer/Data/benign/benign (319).png,benign
319,D:/other/python/IMT/Breast Cancer/Breast-Cancer/Data/benign/benign (320).png,benign
320,D:/other/python/IMT/Breast Cancer/Breast-Cancer/Data/benign/benign (321).png,benign
321,D:/other/python/IMT/Breast Cancer/Breast-Cancer/Data/benign/benign (322).png,benign
322,D:/other/python/IMT/Breast Cancer/Breast-Cancer/Data/benign/benign (323).png,benign
323,D:/other/python/IMT/Breast Cancer/Breast-Cancer/Data/benign/benign (324).png,benign
324,D:/other/python/IMT/Breast Cancer/Breast-Cancer/Data/benign/benign (325).png,benign
325,D:/other/python/IMT/Breast Cancer/Breast-Cancer/Data/benign/benign (326).png,benign
326,D:/other/python/IMT/Breast Cancer/Breast-Cancer/Data/benign/benign (327).png,benign
327,D:/other/python/IMT/Breast Cancer/Breast-Cancer/Data/benign/benign (328).png,benign
328,D:/other/python/IMT/Breast Cancer/Breast-Cancer/Data/benign/benign (329).png,benign
329,D:/other/python/IMT/Breast Cancer/Breast-Cancer/Data/benign/benign (330).png,benign
330,D:/other/python/IMT/Breast Cancer/Breast-Cancer/Data/benign/benign (331).png,benign
331,D:/other/python/IMT/Breast Cancer/Breast-Cancer/Data/benign/benign (332).png,benign
332,D:/other/python/IMT/Breast Cancer/Breast-Cancer/Data/benign/benign (333).png,benign
333,D:/other/python/IMT/Breast Cancer/Breast-Cancer/Data/benign/benign (334).png,benign
334,D:/other/python/IMT/Breast Cancer/Breast-Cancer/Data/benign/benign (335).png,benign
335,D:/other/python/IMT/Breast Cancer/Breast-Cancer/Data/benign/benign (336).png,benign
336,D:/other/python/IMT/Breast Cancer/Breast-Cancer/Data/benign/benign (337).png,benign
337,D:/other/python/IMT/Breast Cancer/Breast-Cancer/Data/benign/benign (338).png,benign
338,D:/other/python/IMT/Breast Cancer/Breast-Cancer/Data/benign/benign (339).png,benign
339,D:/other/python/IMT/Breast Cancer/Breast-Cancer/Data/benign/benign (340).png,benign
340,D:/other/python/IMT/Breast Cancer/Breast-Cancer/Data/benign/benign (341).png,benign
341,D:/other/python/IMT/Breast Cancer/Breast-Cancer/Data/benign/benign (342).png,benign
342,D:/other/python/IMT/Breast Cancer/Breast-Cancer/Data/benign/benign (343).png,benign
343,D:/other/python/IMT/Breast Cancer/Breast-Cancer/Data/benign/benign (344).png,benign
344,D:/other/python/IMT/Breast Cancer/Breast-Cancer/Data/benign/benign (345).png,benign
345,D:/other/python/IMT/Breast Cancer/Breast-Cancer/Data/benign/benign (346).png,benign
346,D:/other/python/IMT/Breast Cancer/Breast-Cancer/Data/benign/benign (347).png,benign
347,D:/other/python/IMT/Breast Cancer/Breast-Cancer/Data/benign/benign (348).png,benign
348,D:/other/python/IMT/Breast Cancer/Breast-Cancer/Data/benign/benign (349).png,benign
349,D:/other/python/IMT/Breast Cancer/Breast-Cancer/Data/benign/benign (350).png,benign
350,D:/other/python/IMT/Breast Cancer/Breast-Cancer/Data/benign/benign (351).png,benign
351,D:/other/python/IMT/Breast Cancer/Breast-Cancer/Data/benign/benign (352).png,benign
352,D:/other/python/IMT/Breast Cancer/Breast-Cancer/Data/benign/benign (353).png,benign
353,D:/other/python/IMT/Breast Cancer/Breast-Cancer/Data/benign/benign (354).png,benign
354,D:/other/python/IMT/Breast Cancer/Breast-Cancer/Data/benign/benign (355).png,benign
355,D:/other/python/IMT/Breast Cancer/Breast-Cancer/Data/benign/benign (356).png,benign
356,D:/other/python/IMT/Breast Cancer/Breast-Cancer/Data/benign/benign (357).png,benign
357,D:/other/python/IMT/Breast Cancer/Breast-Cancer/Data/benign/benign (358).png,benign
358,D:/other/python/IMT/Breast Cancer/Breast-Cancer/Data/benign/benign (359).png,benign
359,D:/other/python/IMT/Breast Cancer/Breast-Cancer/Data/benign/benign (360).png,benign
360,D:/other/python/IMT/Breast Cancer/Breast-Cancer/Data/benign/benign (361).png,benign
361,D:/other/python/IMT/Breast Cancer/Breast-Cancer/Data/benign/benign (362).png,benign
362,D:/other/python/IMT/Breast Cancer/Breast-Cancer/Data/benign/benign (363).png,benign
363,D:/other/python/IMT/Breast Cancer/Breast-Cancer/Data/benign/benign (364).png,benign
364,D:/other/python/IMT/Breast Cancer/Breast-Cancer/Data/benign/benign (365).png,benign
365,D:/other/python/IMT/Breast Cancer/Breast-Cancer/Data/benign/benign (366).png,benign
366,D:/other/python/IMT/Breast Cancer/Breast-Cancer/Data/benign/benign (367).png,benign
367,D:/other/python/IMT/Breast Cancer/Breast-Cancer/Data/benign/benign (368).png,benign
368,D:/other/python/IMT/Breast Cancer/Breast-Cancer/Data/benign/benign (369).png,benign
369,D:/other/python/IMT/Breast Cancer/Breast-Cancer/Data/benign/benign (370).png,benign
370,D:/other/python/IMT/Breast Cancer/Breast-Cancer/Data/benign/benign (371).png,benign
371,D:/other/python/IMT/Breast Cancer/Breast-Cancer/Data/benign/benign (372).png,benign
372,D:/other/python/IMT/Breast Cancer/Breast-Cancer/Data/benign/benign (373).png,benign
373,D:/other/python/IMT/Breast Cancer/Breast-Cancer/Data/benign/benign (374).png,benign
374,D:/other/python/IMT/Breast Cancer/Breast-Cancer/Data/benign/benign (375).png,benign
375,D:/other/python/IMT/Breast Cancer/Breast-Cancer/Data/benign/benign (376).png,benign
376,D:/other/python/IMT/Breast Cancer/Breast-Cancer/Data/benign/benign (377).png,benign
377,D:/other/python/IMT/Breast Cancer/Breast-Cancer/Data/benign/benign (378).png,benign
378,D:/other/python/IMT/Breast Cancer/Breast-Cancer/Data/benign/benign (379).png,benign
379,D:/other/python/IMT/Breast Cancer/Breast-Cancer/Data/benign/benign (380).png,benign
380,D:/other/python/IMT/Breast Cancer/Breast-Cancer/Data/benign/benign (381).png,benign
381,D:/other/python/IMT/Breast Cancer/Breast-Cancer/Data/benign/benign (382).png,benign
382,D:/other/python/IMT/Breast Cancer/Breast-Cancer/Data/benign/benign (383).png,benign
383,D:/other/python/IMT/Breast Cancer/Breast-Cancer/Data/benign/benign (384).png,benign
384,D:/other/python/IMT/Breast Cancer/Breast-Cancer/Data/benign/benign (385).png,benign
385,D:/other/python/IMT/Breast Cancer/Breast-Cancer/Data/benign/benign (386).png,benign
386,D:/other/python/IMT/Breast Cancer/Breast-Cancer/Data/benign/benign (387).png,benign
387,D:/other/python/IMT/Breast Cancer/Breast-Cancer/Data/benign/benign (388).png,benign
388,D:/other/python/IMT/Breast Cancer/Breast-Cancer/Data/benign/benign (389).png,benign
389,D:/other/python/IMT/Breast Cancer/Breast-Cancer/Data/benign/benign (390).png,benign
390,D:/other/python/IMT/Breast Cancer/Breast-Cancer/Data/benign/benign (391).png,benign
391,D:/other/python/IMT/Breast Cancer/Breast-Cancer/Data/benign/benign (392).png,benign
392,D:/other/python/IMT/Breast Cancer/Breast-Cancer/Data/benign/benign (393).png,benign
393,D:/other/python/IMT/Breast Cancer/Breast-Cancer/Data/benign/benign (394).png,benign
394,D:/other/python/IMT/Breast Cancer/Breast-Cancer/Data/benign/benign (395).png,benign
395,D:/other/python/IMT/Breast Cancer/Breast-Cancer/Data/benign/benign (396).png,benign
396,D:/other/python/IMT/Breast Cancer/Breast-Cancer/Data/benign/benign (397).png,benign
397,D:/other/python/IMT/Breast Cancer/Breast-Cancer/Data/benign/benign (398).png,benign
398,D:/other/python/IMT/Breast Cancer/Breast-Cancer/Data/benign/benign (399).png,benign
399,D:/other/python/IMT/Breast Cancer/Breast-Cancer/Data/benign/benign (400).png,benign
400,D:/other/python/IMT/Breast Cancer/Breast-Cancer/Data/benign/benign (401).png,benign
401,D:/other/python/IMT/Breast Cancer/Breast-Cancer/Data/benign/benign (402).png,benign
402,D:/other/python/IMT/Breast Cancer/Breast-Cancer/Data/benign/benign (403).png,benign
403,D:/other/python/IMT/Breast Cancer/Breast-Cancer/Data/benign/benign (404).png,benign
404,D:/other/python/IMT/Breast Cancer/Breast-Cancer/Data/benign/benign (405).png,benign
405,D:/other/python/IMT/Breast Cancer/Breast-Cancer/Data/benign/benign (406).png,benign
406,D:/other/python/IMT/Breast Cancer/Breast-Cancer/Data/benign/benign (407).png,benign
407,D:/other/python/IMT/Breast Cancer/Breast-Cancer/Data/benign/benign (408).png,benign
408,D:/other/python/IMT/Breast Cancer/Breast-Cancer/Data/benign/benign (409).png,benign
409,D:/other/python/IMT/Breast Cancer/Breast-Cancer/Data/benign/benign (410).png,benign
410,D:/other/python/IMT/Breast Cancer/Breast-Cancer/Data/benign/benign (411).png,benign
411,D:/other/python/IMT/Breast Cancer/Breast-Cancer/Data/benign/benign (412).png,benign
412,D:/other/python/IMT/Breast Cancer/Breast-Cancer/Data/benign/benign (413).png,benign
413,D:/other/python/IMT/Breast Cancer/Breast-Cancer/Data/benign/benign (414).png,benign
414,D:/other/python/IMT/Breast Cancer/Breast-Cancer/Data/benign/benign (415).png,benign
415,D:/other/python/IMT/Breast Cancer/Breast-Cancer/Data/benign/benign (416).png,benign
416,D:/other/python/IMT/Breast Cancer/Breast-Cancer/Data/benign/benign (417).png,benign
417,D:/other/python/IMT/Breast Cancer/Breast-Cancer/Data/benign/benign (418).png,benign
418,D:/other/python/IMT/Breast Cancer/Breast-Cancer/Data/benign/benign (419).png,benign
419,D:/other/python/IMT/Breast Cancer/Breast-Cancer/Data/benign/benign (420).png,benign
420,D:/other/python/IMT/Breast Cancer/Breast-Cancer/Data/benign/benign (421).png,benign
421,D:/other/python/IMT/Breast Cancer/Breast-Cancer/Data/benign/benign (422).png,benign
422,D:/other/python/IMT/Breast Cancer/Breast-Cancer/Data/benign/benign (423).png,benign
423,D:/other/python/IMT/Breast Cancer/Breast-Cancer/Data/benign/benign (424).png,benign
424,D:/other/python/IMT/Breast Cancer/Breast-Cancer/Data/benign/benign (425).png,benign
425,D:/other/python/IMT/Breast Cancer/Breast-Cancer/Data/benign/benign (426).png,benign
426,D:/other/python/IMT/Breast Cancer/Breast-Cancer/Data/benign/benign (427).png,benign
427,D:/other/python/IMT/Breast Cancer/Breast-Cancer/Data/benign/benign (428).png,benign
428,D:/other/python/IMT/Breast Cancer/Breast-Cancer/Data/benign/benign (429).png,benign
429,D:/other/python/IMT/Breast Cancer/Breast-Cancer/Data/benign/benign (430).png,benign
430,D:/other/python/IMT/Breast Cancer/Breast-Cancer/Data/benign/benign (431).png,benign
431,D:/other/python/IMT/Breast Cancer/Breast-Cancer/Data/benign/benign (432).png,benign
432,D:/other/python/IMT/Breast Cancer/Breast-Cancer/Data/benign/benign (433).png,benign
433,D:/other/python/IMT/Breast Cancer/Breast-Cancer/Data/benign/benign (434).png,benign
434,D:/other/python/IMT/Breast Cancer/Breast-Cancer/Data/benign/benign (435).png,benign
435,D:/other/python/IMT/Breast Cancer/Breast-Cancer/Data/benign/benign (436).png,benign
436,D:/other/python/IMT/Breast Cancer/Breast-Cancer/Data/benign/benign (437).png,benign
437,D:/other/python/IMT/Breast Cancer/Breast-Cancer/Data/malignant/malignant (1).png,malignant
438,D:/other/python/IMT/Breast Cancer/Breast-Cancer/Data/malignant/malignant (2).png,malignant
439,D:/other/python/IMT/Breast Cancer/Breast-Cancer/Data/malignant/malignant (3).png,malignant
440,D:/other/python/IMT/Breast Cancer/Breast-Cancer/Data/malignant/malignant (4).png,malignant
441,D:/other/python/IMT/Breast Cancer/Breast-Cancer/Data/malignant/malignant (5).png,malignant
442,D:/other/python/IMT/Breast Cancer/Breast-Cancer/Data/malignant/malignant (6).png,malignant
443,D:/other/python/IMT/Breast Cancer/Breast-Cancer/Data/malignant/malignant (7).png,malignant
444,D:/other/python/IMT/Breast Cancer/Breast-Cancer/Data/malignant/malignant (8).png,malignant
445,D:/other/python/IMT/Breast Cancer/Breast-Cancer/Data/malignant/malignant (9).png,malignant
446,D:/other/python/IMT/Breast Cancer/Breast-Cancer/Data/malignant/malignant (10).png,malignant
447,D:/other/python/IMT/Breast Cancer/Breast-Cancer/Data/malignant/malignant (11).png,malignant
448,D:/other/python/IMT/Breast Cancer/Breast-Cancer/Data/malignant/malignant (12).png,malignant
449,D:/other/python/IMT/Breast Cancer/Breast-Cancer/Data/malignant/malignant (13).png,malignant
450,D:/other/python/IMT/Breast Cancer/Breast-Cancer/Data/malignant/malignant (14).png,malignant
451,D:/other/python/IMT/Breast Cancer/Breast-Cancer/Data/malignant/malignant (15).png,malignant
452,D:/other/python/IMT/Breast Cancer/Breast-Cancer/Data/malignant/malignant (16).png,malignant
453,D:/other/python/IMT/Breast Cancer/Breast-Cancer/Data/malignant/malignant (17).png,malignant
454,D:/other/python/IMT/Breast Cancer/Breast-Cancer/Data/malignant/malignant (18).png,malignant
455,D:/other/python/IMT/Breast Cancer/Breast-Cancer/Data/malignant/malignant (19).png,malignant
456,D:/other/python/IMT/Breast Cancer/Breast-Cancer/Data/malignant/malignant (20).png,malignant
457,D:/other/python/IMT/Breast Cancer/Breast-Cancer/Data/malignant/malignant (21).png,malignant
458,D:/other/python/IMT/Breast Cancer/Breast-Cancer/Data/malignant/malignant (22).png,malignant
459,D:/other/python/IMT/Breast Cancer/Breast-Cancer/Data/malignant/malignant (23).png,malignant
460,D:/other/python/IMT/Breast Cancer/Breast-Cancer/Data/malignant/malignant (24).png,malignant
461,D:/other/python/IMT/Breast Cancer/Breast-Cancer/Data/malignant/malignant (25).png,malignant
462,D:/other/python/IMT/Breast Cancer/Breast-Cancer/Data/malignant/malignant (26).png,malignant
463,D:/other/python/IMT/Breast Cancer/Breast-Cancer/Data/malignant/malignant (27).png,malignant
464,D:/other/python/IMT/Breast Cancer/Breast-Cancer/Data/malignant/malignant (28).png,malignant
465,D:/other/python/IMT/Breast Cancer/Breast-Cancer/Data/malignant/malignant (29).png,malignant
466,D:/other/python/IMT/Breast Cancer/Breast-Cancer/Data/malignant/malignant (30).png,malignant
467,D:/other/python/IMT/Breast Cancer/Breast-Cancer/Data/malignant/malignant (31).png,malignant
468,D:/other/python/IMT/Breast Cancer/Breast-Cancer/Data/malignant/malignant (32).png,malignant
469,D:/other/python/IMT/Breast Cancer/Breast-Cancer/Data/malignant/malignant (33).png,malignant
470,D:/other/python/IMT/Breast Cancer/Breast-Cancer/Data/malignant/malignant (34).png,malignant
471,D:/other/python/IMT/Breast Cancer/Breast-Cancer/Data/malignant/malignant (35).png,malignant
472,D:/other/python/IMT/Breast Cancer/Breast-Cancer/Data/malignant/malignant (36).png,malignant
473,D:/other/python/IMT/Breast Cancer/Breast-Cancer/Data/malignant/malignant (37).png,malignant
474,D:/other/python/IMT/Breast Cancer/Breast-Cancer/Data/malignant/malignant (38).png,malignant
475,D:/other/python/IMT/Breast Cancer/Breast-Cancer/Data/malignant/malignant (39).png,malignant
476,D:/other/python/IMT/Breast Cancer/Breast-Cancer/Data/malignant/malignant (40).png,malignant
477,D:/other/python/IMT/Breast Cancer/Breast-Cancer/Data/malignant/malignant (41).png,malignant
478,D:/other/python/IMT/Breast Cancer/Breast-Cancer/Data/malignant/malignant (42).png,malignant
479,D:/other/python/IMT/Breast Cancer/Breast-Cancer/Data/malignant/malignant (43).png,malignant
480,D:/other/python/IMT/Breast Cancer/Breast-Cancer/Data/malignant/malignant (44).png,malignant
481,D:/other/python/IMT/Breast Cancer/Breast-Cancer/Data/malignant/malignant (45).png,malignant
482,D:/other/python/IMT/Breast Cancer/Breast-Cancer/Data/malignant/malignant (46).png,malignant
483,D:/other/python/IMT/Breast Cancer/Breast-Cancer/Data/malignant/malignant (47).png,malignant
484,D:/other/python/IMT/Breast Cancer/Breast-Cancer/Data/malignant/malignant (48).png,malignant
485,D:/other/python/IMT/Breast Cancer/Breast-Cancer/Data/malignant/malignant (49).png,malignant
486,D:/other/python/IMT/Breast Cancer/Breast-Cancer/Data/malignant/malignant (50).png,malignant
487,D:/other/python/IMT/Breast Cancer/Breast-Cancer/Data/malignant/malignant (51).png,malignant
488,D:/other/python/IMT/Breast Cancer/Breast-Cancer/Data/malignant/malignant (52).png,malignant
489,D:/other/python/IMT/Breast Cancer/Breast-Cancer/Data/malignant/malignant (53).png,malignant
490,D:/other/python/IMT/Breast Cancer/Breast-Cancer/Data/malignant/malignant (54).png,malignant
491,D:/other/python/IMT/Breast Cancer/Breast-Cancer/Data/malignant/malignant (55).png,malignant
492,D:/other/python/IMT/Breast Cancer/Breast-Cancer/Data/malignant/malignant (56).png,malignant
493,D:/other/python/IMT/Breast Cancer/Breast-Cancer/Data/malignant/malignant (57).png,malignant
494,D:/other/python/IMT/Breast Cancer/Breast-Cancer/Data/malignant/malignant (58).png,malignant
495,D:/other/python/IMT/Breast Cancer/Breast-Cancer/Data/malignant/malignant (59).png,malignant
496,D:/other/python/IMT/Breast Cancer/Breast-Cancer/Data/malignant/malignant (60).png,malignant
497,D:/other/python/IMT/Breast Cancer/Breast-Cancer/Data/malignant/malignant (61).png,malignant
498,D:/other/python/IMT/Breast Cancer/Breast-Cancer/Data/malignant/malignant (62).png,malignant
499,D:/other/python/IMT/Breast Cancer/Breast-Cancer/Data/malignant/malignant (63).png,malignant
500,D:/other/python/IMT/Breast Cancer/Breast-Cancer/Data/malignant/malignant (64).png,malignant
501,D:/other/python/IMT/Breast Cancer/Breast-Cancer/Data/malignant/malignant (65).png,malignant
502,D:/other/python/IMT/Breast Cancer/Breast-Cancer/Data/malignant/malignant (66).png,malignant
503,D:/other/python/IMT/Breast Cancer/Breast-Cancer/Data/malignant/malignant (67).png,malignant
504,D:/other/python/IMT/Breast Cancer/Breast-Cancer/Data/malignant/malignant (68).png,malignant
505,D:/other/python/IMT/Breast Cancer/Breast-Cancer/Data/malignant/malignant (69).png,malignant
506,D:/other/python/IMT/Breast Cancer/Breast-Cancer/Data/malignant/malignant (70).png,malignant
507,D:/other/python/IMT/Breast Cancer/Breast-Cancer/Data/malignant/malignant (71).png,malignant
508,D:/other/python/IMT/Breast Cancer/Breast-Cancer/Data/malignant/malignant (72).png,malignant
509,D:/other/python/IMT/Breast Cancer/Breast-Cancer/Data/malignant/malignant (73).png,malignant
510,D:/other/python/IMT/Breast Cancer/Breast-Cancer/Data/malignant/malignant (74).png,malignant
511,D:/other/python/IMT/Breast Cancer/Breast-Cancer/Data/malignant/malignant (75).png,malignant
512,D:/other/python/IMT/Breast Cancer/Breast-Cancer/Data/malignant/malignant (76).png,malignant
513,D:/other/python/IMT/Breast Cancer/Breast-Cancer/Data/malignant/malignant (77).png,malignant
514,D:/other/python/IMT/Breast Cancer/Breast-Cancer/Data/malignant/malignant (78).png,malignant
515,D:/other/python/IMT/Breast Cancer/Breast-Cancer/Data/malignant/malignant (79).png,malignant
516,D:/other/python/IMT/Breast Cancer/Breast-Cancer/Data/malignant/malignant (80).png,malignant
517,D:/other/python/IMT/Breast Cancer/Breast-Cancer/Data/malignant/malignant (81).png,malignant
518,D:/other/python/IMT/Breast Cancer/Breast-Cancer/Data/malignant/malignant (82).png,malignant
519,D:/other/python/IMT/Breast Cancer/Breast-Cancer/Data/malignant/malignant (83).png,malignant
520,D:/other/python/IMT/Breast Cancer/Breast-Cancer/Data/malignant/malignant (84).png,malignant
521,D:/other/python/IMT/Breast Cancer/Breast-Cancer/Data/malignant/malignant (85).png,malignant
522,D:/other/python/IMT/Breast Cancer/Breast-Cancer/Data/malignant/malignant (86).png,malignant
523,D:/other/python/IMT/Breast Cancer/Breast-Cancer/Data/malignant/malignant (87).png,malignant
524,D:/other/python/IMT/Breast Cancer/Breast-Cancer/Data/malignant/malignant (88).png,malignant
525,D:/other/python/IMT/Breast Cancer/Breast-Cancer/Data/malignant/malignant (89).png,malignant
526,D:/other/python/IMT/Breast Cancer/Breast-Cancer/Data/malignant/malignant (90).png,malignant
527,D:/other/python/IMT/Breast Cancer/Breast-Cancer/Data/malignant/malignant (91).png,malignant
528,D:/other/python/IMT/Breast Cancer/Breast-Cancer/Data/malignant/malignant (92).png,malignant
529,D:/other/python/IMT/Breast Cancer/Breast-Cancer/Data/malignant/malignant (93).png,malignant
530,D:/other/python/IMT/Breast Cancer/Breast-Cancer/Data/malignant/malignant (94).png,malignant
531,D:/other/python/IMT/Breast Cancer/Breast-Cancer/Data/malignant/malignant (95).png,malignant
532,D:/other/python/IMT/Breast Cancer/Breast-Cancer/Data/malignant/malignant (96).png,malignant
533,D:/other/python/IMT/Breast Cancer/Breast-Cancer/Data/malignant/malignant (97).png,malignant
534,D:/other/python/IMT/Breast Cancer/Breast-Cancer/Data/malignant/malignant (98).png,malignant
535,D:/other/python/IMT/Breast Cancer/Breast-Cancer/Data/malignant/malignant (99).png,malignant
536,D:/other/python/IMT/Breast Cancer/Breast-Cancer/Data/malignant/malignant (100).png,malignant
537,D:/other/python/IMT/Breast Cancer/Breast-Cancer/Data/malignant/malignant (101).png,malignant
538,D:/other/python/IMT/Breast Cancer/Breast-Cancer/Data/malignant/malignant (102).png,malignant
539,D:/other/python/IMT/Breast Cancer/Breast-Cancer/Data/malignant/malignant (103).png,malignant
540,D:/other/python/IMT/Breast Cancer/Breast-Cancer/Data/malignant/malignant (104).png,malignant
541,D:/other/python/IMT/Breast Cancer/Breast-Cancer/Data/malignant/malignant (105).png,malignant
542,D:/other/python/IMT/Breast Cancer/Breast-Cancer/Data/malignant/malignant (106).png,malignant
543,D:/other/python/IMT/Breast Cancer/Breast-Cancer/Data/malignant/malignant (107).png,malignant
544,D:/other/python/IMT/Breast Cancer/Breast-Cancer/Data/malignant/malignant (108).png,malignant
545,D:/other/python/IMT/Breast Cancer/Breast-Cancer/Data/malignant/malignant (109).png,malignant
546,D:/other/python/IMT/Breast Cancer/Breast-Cancer/Data/malignant/malignant (110).png,malignant
547,D:/other/python/IMT/Breast Cancer/Breast-Cancer/Data/malignant/malignant (111).png,malignant
548,D:/other/python/IMT/Breast Cancer/Breast-Cancer/Data/malignant/malignant (112).png,malignant
549,D:/other/python/IMT/Breast Cancer/Breast-Cancer/Data/malignant/malignant (113).png,malignant
550,D:/other/python/IMT/Breast Cancer/Breast-Cancer/Data/malignant/malignant (114).png,malignant
551,D:/other/python/IMT/Breast Cancer/Breast-Cancer/Data/malignant/malignant (115).png,malignant
552,D:/other/python/IMT/Breast Cancer/Breast-Cancer/Data/malignant/malignant (116).png,malignant
553,D:/other/python/IMT/Breast Cancer/Breast-Cancer/Data/malignant/malignant (117).png,malignant
554,D:/other/python/IMT/Breast Cancer/Breast-Cancer/Data/malignant/malignant (118).png,malignant
555,D:/other/python/IMT/Breast Cancer/Breast-Cancer/Data/malignant/malignant (119).png,malignant
556,D:/other/python/IMT/Breast Cancer/Breast-Cancer/Data/malignant/malignant (120).png,malignant
557,D:/other/python/IMT/Breast Cancer/Breast-Cancer/Data/malignant/malignant (121).png,malignant
558,D:/other/python/IMT/Breast Cancer/Breast-Cancer/Data/malignant/malignant (122).png,malignant
559,D:/other/python/IMT/Breast Cancer/Breast-Cancer/Data/malignant/malignant (123).png,malignant
560,D:/other/python/IMT/Breast Cancer/Breast-Cancer/Data/malignant/malignant (124).png,malignant
561,D:/other/python/IMT/Breast Cancer/Breast-Cancer/Data/malignant/malignant (125).png,malignant
562,D:/other/python/IMT/Breast Cancer/Breast-Cancer/Data/malignant/malignant (126).png,malignant
563,D:/other/python/IMT/Breast Cancer/Breast-Cancer/Data/malignant/malignant (127).png,malignant
564,D:/other/python/IMT/Breast Cancer/Breast-Cancer/Data/malignant/malignant (128).png,malignant
565,D:/other/python/IMT/Breast Cancer/Breast-Cancer/Data/malignant/malignant (129).png,malignant
566,D:/other/python/IMT/Breast Cancer/Breast-Cancer/Data/malignant/malignant (130).png,malignant
567,D:/other/python/IMT/Breast Cancer/Breast-Cancer/Data/malignant/malignant (131).png,malignant
568,D:/other/python/IMT/Breast Cancer/Breast-Cancer/Data/malignant/malignant (132).png,malignant
569,D:/other/python/IMT/Breast Cancer/Breast-Cancer/Data/malignant/malignant (133).png,malignant
570,D:/other/python/IMT/Breast Cancer/Breast-Cancer/Data/malignant/malignant (134).png,malignant
571,D:/other/python/IMT/Breast Cancer/Breast-Cancer/Data/malignant/malignant (135).png,malignant
572,D:/other/python/IMT/Breast Cancer/Breast-Cancer/Data/malignant/malignant (136).png,malignant
573,D:/other/python/IMT/Breast Cancer/Breast-Cancer/Data/malignant/malignant (137).png,malignant
574,D:/other/python/IMT/Breast Cancer/Breast-Cancer/Data/malignant/malignant (138).png,malignant
575,D:/other/python/IMT/Breast Cancer/Breast-Cancer/Data/malignant/malignant (139).png,malignant
576,D:/other/python/IMT/Breast Cancer/Breast-Cancer/Data/malignant/malignant (140).png,malignant
577,D:/other/python/IMT/Breast Cancer/Breast-Cancer/Data/malignant/malignant (141).png,malignant
578,D:/other/python/IMT/Breast Cancer/Breast-Cancer/Data/malignant/malignant (142).png,malignant
579,D:/other/python/IMT/Breast Cancer/Breast-Cancer/Data/malignant/malignant (143).png,malignant
580,D:/other/python/IMT/Breast Cancer/Breast-Cancer/Data/malignant/malignant (144).png,malignant
581,D:/other/python/IMT/Breast Cancer/Breast-Cancer/Data/malignant/malignant (145).png,malignant
582,D:/other/python/IMT/Breast Cancer/Breast-Cancer/Data/malignant/malignant (146).png,malignant
583,D:/other/python/IMT/Breast Cancer/Breast-Cancer/Data/malignant/malignant (147).png,malignant
584,D:/other/python/IMT/Breast Cancer/Breast-Cancer/Data/malignant/malignant (148).png,malignant
585,D:/other/python/IMT/Breast Cancer/Breast-Cancer/Data/malignant/malignant (149).png,malignant
586,D:/other/python/IMT/Breast Cancer/Breast-Cancer/Data/malignant/malignant (150).png,malignant
587,D:/other/python/IMT/Breast Cancer/Breast-Cancer/Data/malignant/malignant (151).png,malignant
588,D:/other/python/IMT/Breast Cancer/Breast-Cancer/Data/malignant/malignant (152).png,malignant
589,D:/other/python/IMT/Breast Cancer/Breast-Cancer/Data/malignant/malignant (153).png,malignant
590,D:/other/python/IMT/Breast Cancer/Breast-Cancer/Data/malignant/malignant (154).png,malignant
591,D:/other/python/IMT/Breast Cancer/Breast-Cancer/Data/malignant/malignant (155).png,malignant
592,D:/other/python/IMT/Breast Cancer/Breast-Cancer/Data/malignant/malignant (156).png,malignant
593,D:/other/python/IMT/Breast Cancer/Breast-Cancer/Data/malignant/malignant (157).png,malignant
594,D:/other/python/IMT/Breast Cancer/Breast-Cancer/Data/malignant/malignant (158).png,malignant
595,D:/other/python/IMT/Breast Cancer/Breast-Cancer/Data/malignant/malignant (159).png,malignant
596,D:/other/python/IMT/Breast Cancer/Breast-Cancer/Data/malignant/malignant (160).png,malignant
597,D:/other/python/IMT/Breast Cancer/Breast-Cancer/Data/malignant/malignant (161).png,malignant
598,D:/other/python/IMT/Breast Cancer/Breast-Cancer/Data/malignant/malignant (162).png,malignant
599,D:/other/python/IMT/Breast Cancer/Breast-Cancer/Data/malignant/malignant (163).png,malignant
600,D:/other/python/IMT/Breast Cancer/Breast-Cancer/Data/malignant/malignant (164).png,malignant
601,D:/other/python/IMT/Breast Cancer/Breast-Cancer/Data/malignant/malignant (165).png,malignant
602,D:/other/python/IMT/Breast Cancer/Breast-Cancer/Data/malignant/malignant (166).png,malignant
603,D:/other/python/IMT/Breast Cancer/Breast-Cancer/Data/malignant/malignant (167).png,malignant
604,D:/other/python/IMT/Breast Cancer/Breast-Cancer/Data/malignant/malignant (168).png,malignant
605,D:/other/python/IMT/Breast Cancer/Breast-Cancer/Data/malignant/malignant (169).png,malignant
606,D:/other/python/IMT/Breast Cancer/Breast-Cancer/Data/malignant/malignant (170).png,malignant
607,D:/other/python/IMT/Breast Cancer/Breast-Cancer/Data/malignant/malignant (171).png,malignant
608,D:/other/python/IMT/Breast Cancer/Breast-Cancer/Data/malignant/malignant (172).png,malignant
609,D:/other/python/IMT/Breast Cancer/Breast-Cancer/Data/malignant/malignant (173).png,malignant
610,D:/other/python/IMT/Breast Cancer/Breast-Cancer/Data/malignant/malignant (174).png,malignant
611,D:/other/python/IMT/Breast Cancer/Breast-Cancer/Data/malignant/malignant (175).png,malignant
612,D:/other/python/IMT/Breast Cancer/Breast-Cancer/Data/malignant/malignant (176).png,malignant
613,D:/other/python/IMT/Breast Cancer/Breast-Cancer/Data/malignant/malignant (177).png,malignant
614,D:/other/python/IMT/Breast Cancer/Breast-Cancer/Data/malignant/malignant (178).png,malignant
615,D:/other/python/IMT/Breast Cancer/Breast-Cancer/Data/malignant/malignant (179).png,malignant
616,D:/other/python/IMT/Breast Cancer/Breast-Cancer/Data/malignant/malignant (180).png,malignant
617,D:/other/python/IMT/Breast Cancer/Breast-Cancer/Data/malignant/malignant (181).png,malignant
618,D:/other/python/IMT/Breast Cancer/Breast-Cancer/Data/malignant/malignant (182).png,malignant
619,D:/other/python/IMT/Breast Cancer/Breast-Cancer/Data/malignant/malignant (183).png,malignant
620,D:/other/python/IMT/Breast Cancer/Breast-Cancer/Data/malignant/malignant (184).png,malignant
621,D:/other/python/IMT/Breast Cancer/Breast-Cancer/Data/malignant/malignant (185).png,malignant
622,D:/other/python/IMT/Breast Cancer/Breast-Cancer/Data/malignant/malignant (186).png,malignant
623,D:/other/python/IMT/Breast Cancer/Breast-Cancer/Data/malignant/malignant (187).png,malignant
624,D:/other/python/IMT/Breast Cancer/Breast-Cancer/Data/malignant/malignant (188).png,malignant
625,D:/other/python/IMT/Breast Cancer/Breast-Cancer/Data/malignant/malignant (189).png,malignant
626,D:/other/python/IMT/Breast Cancer/Breast-Cancer/Data/malignant/malignant (190).png,malignant
627,D:/other/python/IMT/Breast Cancer/Breast-Cancer/Data/malignant/malignant (191).png,malignant
628,D:/other/python/IMT/Breast Cancer/Breast-Cancer/Data/malignant/malignant (192).png,malignant
629,D:/other/python/IMT/Breast Cancer/Breast-Cancer/Data/malignant/malignant (193).png,malignant
630,D:/other/python/IMT/Breast Cancer/Breast-Cancer/Data/malignant/malignant (194).png,malignant
631,D:/other/python/IMT/Breast Cancer/Breast-Cancer/Data/malignant/malignant (195).png,malignant
632,D:/other/python/IMT/Breast Cancer/Breast-Cancer/Data/malignant/malignant (196).png,malignant
633,D:/other/python/IMT/Breast Cancer/Breast-Cancer/Data/malignant/malignant (197).png,malignant
634,D:/other/python/IMT/Breast Cancer/Breast-Cancer/Data/malignant/malignant (198).png,malignant
635,D:/other/python/IMT/Breast Cancer/Breast-Cancer/Data/malignant/malignant (199).png,malignant
636,D:/other/python/IMT/Breast Cancer/Breast-Cancer/Data/malignant/malignant (200).png,malignant
637,D:/other/python/IMT/Breast Cancer/Breast-Cancer/Data/malignant/malignant (201).png,malignant
638,D:/other/python/IMT/Breast Cancer/Breast-Cancer/Data/malignant/malignant (202).png,malignant
639,D:/other/python/IMT/Breast Cancer/Breast-Cancer/Data/malignant/malignant (203).png,malignant
640,D:/other/python/IMT/Breast Cancer/Breast-Cancer/Data/malignant/malignant (204).png,malignant
641,D:/other/python/IMT/Breast Cancer/Breast-Cancer/Data/malignant/malignant (205).png,malignant
642,D:/other/python/IMT/Breast Cancer/Breast-Cancer/Data/malignant/malignant (206).png,malignant
643,D:/other/python/IMT/Breast Cancer/Breast-Cancer/Data/malignant/malignant (207).png,malignant
644,D:/other/python/IMT/Breast Cancer/Breast-Cancer/Data/malignant/malignant (208).png,malignant
645,D:/other/python/IMT/Breast Cancer/Breast-Cancer/Data/malignant/malignant (209).png,malignant
646,D:/other/python/IMT/Breast Cancer/Breast-Cancer/Data/malignant/malignant (210).png,malignant
647,D:/other/python/IMT/Breast Cancer/Breast-Cancer/Data/normal/normal (1).png,normal
648,D:/other/python/IMT/Breast Cancer/Breast-Cancer/Data/normal/normal (2).png,normal
649,D:/other/python/IMT/Breast Cancer/Breast-Cancer/Data/normal/normal (3).png,normal
650,D:/other/python/IMT/Breast Cancer/Breast-Cancer/Data/normal/normal (4).png,normal
651,D:/other/python/IMT/Breast Cancer/Breast-Cancer/Data/normal/normal (5).png,normal
652,D:/other/python/IMT/Breast Cancer/Breast-Cancer/Data/normal/normal (6).png,normal
653,D:/other/python/IMT/Breast Cancer/Breast-Cancer/Data/normal/normal (7).png,normal
654,D:/other/python/IMT/Breast Cancer/Breast-Cancer/Data/normal/normal (8).png,normal
655,D:/other/python/IMT/Breast Cancer/Breast-Cancer/Data/normal/normal (9).png,normal
656,D:/other/python/IMT/Breast Cancer/Breast-Cancer/Data/normal/normal (10).png,normal
657,D:/other/python/IMT/Breast Cancer/Breast-Cancer/Data/normal/normal (11).png,normal
658,D:/other/python/IMT/Breast Cancer/Breast-Cancer/Data/normal/normal (12).png,normal
659,D:/other/python/IMT/Breast Cancer/Breast-Cancer/Data/normal/normal (13).png,normal
660,D:/other/python/IMT/Breast Cancer/Breast-Cancer/Data/normal/normal (14).png,normal
661,D:/other/python/IMT/Breast Cancer/Breast-Cancer/Data/normal/normal (15).png,normal
662,D:/other/python/IMT/Breast Cancer/Breast-Cancer/Data/normal/normal (16).png,normal
663,D:/other/python/IMT/Breast Cancer/Breast-Cancer/Data/normal/normal (17).png,normal
664,D:/other/python/IMT/Breast Cancer/Breast-Cancer/Data/normal/normal (18).png,normal
665,D:/other/python/IMT/Breast Cancer/Breast-Cancer/Data/normal/normal (19).png,normal
666,D:/other/python/IMT/Breast Cancer/Breast-Cancer/Data/normal/normal (20).png,normal
667,D:/other/python/IMT/Breast Cancer/Breast-Cancer/Data/normal/normal (21).png,normal
668,D:/other/python/IMT/Breast Cancer/Breast-Cancer/Data/normal/normal (22).png,normal
669,D:/other/python/IMT/Breast Cancer/Breast-Cancer/Data/normal/normal (23).png,normal
670,D:/other/python/IMT/Breast Cancer/Breast-Cancer/Data/normal/normal (24).png,normal
671,D:/other/python/IMT/Breast Cancer/Breast-Cancer/Data/normal/normal (25).png,normal
672,D:/other/python/IMT/Breast Cancer/Breast-Cancer/Data/normal/normal (26).png,normal
673,D:/other/python/IMT/Breast Cancer/Breast-Cancer/Data/normal/normal (27).png,normal
674,D:/other/python/IMT/Breast Cancer/Breast-Cancer/Data/normal/normal (28).png,normal
675,D:/other/python/IMT/Breast Cancer/Breast-Cancer/Data/normal/normal (29).png,normal
676,D:/other/python/IMT/Breast Cancer/Breast-Cancer/Data/normal/normal (30).png,normal
677,D:/other/python/IMT/Breast Cancer/Breast-Cancer/Data/normal/normal (31).png,normal
678,D:/other/python/IMT/Breast Cancer/Breast-Cancer/Data/normal/normal (32).png,normal
679,D:/other/python/IMT/Breast Cancer/Breast-Cancer/Data/normal/normal (33).png,normal
680,D:/other/python/IMT/Breast Cancer/Breast-Cancer/Data/normal/normal (34).png,normal
681,D:/other/python/IMT/Breast Cancer/Breast-Cancer/Data/normal/normal (35).png,normal
682,D:/other/python/IMT/Breast Cancer/Breast-Cancer/Data/normal/normal (36).png,normal
683,D:/other/python/IMT/Breast Cancer/Breast-Cancer/Data/normal/normal (37).png,normal
684,D:/other/python/IMT/Breast Cancer/Breast-Cancer/Data/normal/normal (38).png,normal
685,D:/other/python/IMT/Breast Cancer/Breast-Cancer/Data/normal/normal (39).png,normal
686,D:/other/python/IMT/Breast Cancer/Breast-Cancer/Data/normal/normal (40).png,normal
687,D:/other/python/IMT/Breast Cancer/Breast-Cancer/Data/normal/normal (41).png,normal
688,D:/other/python/IMT/Breast Cancer/Breast-Cancer/Data/normal/normal (42).png,normal
689,D:/other/python/IMT/Breast Cancer/Breast-Cancer/Data/normal/normal (43).png,normal
690,D:/other/python/IMT/Breast Cancer/Breast-Cancer/Data/normal/normal (44).png,normal
691,D:/other/python/IMT/Breast Cancer/Breast-Cancer/Data/normal/normal (45).png,normal
692,D:/other/python/IMT/Breast Cancer/Breast-Cancer/Data/normal/normal (46).png,normal
693,D:/other/python/IMT/Breast Cancer/Breast-Cancer/Data/normal/normal (47).png,normal
694,D:/other/python/IMT/Breast Cancer/Breast-Cancer/Data/normal/normal (48).png,normal
695,D:/other/python/IMT/Breast Cancer/Breast-Cancer/Data/normal/normal (49).png,normal
696,D:/other/python/IMT/Breast Cancer/Breast-Cancer/Data/normal/normal (50).png,normal
697,D:/other/python/IMT/Breast Cancer/Breast-Cancer/Data/normal/normal (51).png,normal
698,D:/other/python/IMT/Breast Cancer/Breast-Cancer/Data/normal/normal (52).png,normal
699,D:/other/python/IMT/Breast Cancer/Breast-Cancer/Data/normal/normal (53).png,normal
700,D:/other/python/IMT/Breast Cancer/Breast-Cancer/Data/normal/normal (54).png,normal
701,D:/other/python/IMT/Breast Cancer/Breast-Cancer/Data/normal/normal (55).png,normal
702,D:/other/python/IMT/Breast Cancer/Breast-Cancer/Data/normal/normal (56).png,normal
703,D:/other/python/IMT/Breast Cancer/Breast-Cancer/Data/normal/normal (57).png,normal
704,D:/other/python/IMT/Breast Cancer/Breast-Cancer/Data/normal/normal (58).png,normal
705,D:/other/python/IMT/Breast Cancer/Breast-Cancer/Data/normal/normal (59).png,normal
706,D:/other/python/IMT/Breast Cancer/Breast-Cancer/Data/normal/normal (60).png,normal
707,D:/other/python/IMT/Breast Cancer/Breast-Cancer/Data/normal/normal (61).png,normal
708,D:/other/python/IMT/Breast Cancer/Breast-Cancer/Data/normal/normal (62).png,normal
709,D:/other/python/IMT/Breast Cancer/Breast-Cancer/Data/normal/normal (63).png,normal
710,D:/other/python/IMT/Breast Cancer/Breast-Cancer/Data/normal/normal (64).png,normal
711,D:/other/python/IMT/Breast Cancer/Breast-Cancer/Data/normal/normal (65).png,normal
712,D:/other/python/IMT/Breast Cancer/Breast-Cancer/Data/normal/normal (66).png,normal
713,D:/other/python/IMT/Breast Cancer/Breast-Cancer/Data/normal/normal (67).png,normal
714,D:/other/python/IMT/Breast Cancer/Breast-Cancer/Data/normal/normal (68).png,normal
715,D:/other/python/IMT/Breast Cancer/Breast-Cancer/Data/normal/normal (69).png,normal
716,D:/other/python/IMT/Breast Cancer/Breast-Cancer/Data/normal/normal (70).png,normal
717,D:/other/python/IMT/Breast Cancer/Breast-Cancer/Data/normal/normal (71).png,normal
718,D:/other/python/IMT/Breast Cancer/Breast-Cancer/Data/normal/normal (72).png,normal
719,D:/other/python/IMT/Breast Cancer/Breast-Cancer/Data/normal/normal (73).png,normal
720,D:/other/python/IMT/Breast Cancer/Breast-Cancer/Data/normal/normal (74).png,normal
721,D:/other/python/IMT/Breast Cancer/Breast-Cancer/Data/normal/normal (75).png,normal
722,D:/other/python/IMT/Breast Cancer/Breast-Cancer/Data/normal/normal (76).png,normal
723,D:/other/python/IMT/Breast Cancer/Breast-Cancer/Data/normal/normal (77).png,normal
724,D:/other/python/IMT/Breast Cancer/Breast-Cancer/Data/normal/normal (78).png,normal
725,D:/other/python/IMT/Breast Cancer/Breast-Cancer/Data/normal/normal (79).png,normal
726,D:/other/python/IMT/Breast Cancer/Breast-Cancer/Data/normal/normal (80).png,normal
727,D:/other/python/IMT/Breast Cancer/Breast-Cancer/Data/normal/normal (81).png,normal
728,D:/other/python/IMT/Breast Cancer/Breast-Cancer/Data/normal/normal (82).png,normal
729,D:/other/python/IMT/Breast Cancer/Breast-Cancer/Data/normal/normal (83).png,normal
730,D:/other/python/IMT/Breast Cancer/Breast-Cancer/Data/normal/normal (84).png,normal
731,D:/other/python/IMT/Breast Cancer/Breast-Cancer/Data/normal/normal (85).png,normal
732,D:/other/python/IMT/Breast Cancer/Breast-Cancer/Data/normal/normal (86).png,normal
733,D:/other/python/IMT/Breast Cancer/Breast-Cancer/Data/normal/normal (87).png,normal
734,D:/other/python/IMT/Breast Cancer/Breast-Cancer/Data/normal/normal (88).png,normal
735,D:/other/python/IMT/Breast Cancer/Breast-Cancer/Data/normal/normal (89).png,normal
736,D:/other/python/IMT/Breast Cancer/Breast-Cancer/Data/normal/normal (90).png,normal
737,D:/other/python/IMT/Breast Cancer/Breast-Cancer/Data/normal/normal (91).png,normal
738,D:/other/python/IMT/Breast Cancer/Breast-Cancer/Data/normal/normal (92).png,normal
739,D:/other/python/IMT/Breast Cancer/Breast-Cancer/Data/normal/normal (93).png,normal
740,D:/other/python/IMT/Breast Cancer/Breast-Cancer/Data/normal/normal (94).png,normal
741,D:/other/python/IMT/Breast Cancer/Breast-Cancer/Data/normal/normal (95).png,normal
742,D:/other/python/IMT/Breast Cancer/Breast-Cancer/Data/normal/normal (96).png,normal
743,D:/other/python/IMT/Breast Cancer/Breast-Cancer/Data/normal/normal (97).png,normal
744,D:/other/python/IMT/Breast Cancer/Breast-Cancer/Data/normal/normal (98).png,normal
745,D:/other/python/IMT/Breast Cancer/Breast-Cancer/Data/normal/normal (99).png,normal
746,D:/other/python/IMT/Breast Cancer/Breast-Cancer/Data/normal/normal (100).png,normal
747,D:/other/python/IMT/Breast Cancer/Breast-Cancer/Data/normal/normal (101).png,normal
748,D:/other/python/IMT/Breast Cancer/Breast-Cancer/Data/normal/normal (102).png,normal
749,D:/other/python/IMT/Breast Cancer/Breast-Cancer/Data/normal/normal (103).png,normal
750,D:/other/python/IMT/Breast Cancer/Breast-Cancer/Data/normal/normal (104).png,normal
751,D:/other/python/IMT/Breast Cancer/Breast-Cancer/Data/normal/normal (105).png,normal
752,D:/other/python/IMT/Breast Cancer/Breast-Cancer/Data/normal/normal (106).png,normal
753,D:/other/python/IMT/Breast Cancer/Breast-Cancer/Data/normal/normal (107).png,normal
754,D:/other/python/IMT/Breast Cancer/Breast-Cancer/Data/normal/normal (108).png,normal
755,D:/other/python/IMT/Breast Cancer/Breast-Cancer/Data/normal/normal (109).png,normal
756,D:/other/python/IMT/Breast Cancer/Breast-Cancer/Data/normal/normal (110).png,normal
757,D:/other/python/IMT/Breast Cancer/Breast-Cancer/Data/normal/normal (111).png,normal
758,D:/other/python/IMT/Breast Cancer/Breast-Cancer/Data/normal/normal (112).png,normal
759,D:/other/python/IMT/Breast Cancer/Breast-Cancer/Data/normal/normal (113).png,normal
760,D:/other/python/IMT/Breast Cancer/Breast-Cancer/Data/normal/normal (114).png,normal
761,D:/other/python/IMT/Breast Cancer/Breast-Cancer/Data/normal/normal (115).png,normal
762,D:/other/python/IMT/Breast Cancer/Breast-Cancer/Data/normal/normal (116).png,normal
763,D:/other/python/IMT/Breast Cancer/Breast-Cancer/Data/normal/normal (117).png,normal
764,D:/other/python/IMT/Breast Cancer/Breast-Cancer/Data/normal/normal (118).png,normal
765,D:/other/python/IMT/Breast Cancer/Breast-Cancer/Data/normal/normal (119).png,normal
766,D:/other/python/IMT/Breast Cancer/Breast-Cancer/Data/normal/normal (120).png,normal
767,D:/other/python/IMT/Breast Cancer/Breast-Cancer/Data/normal/normal (121).png,normal
768,D:/other/python/IMT/Breast Cancer/Breast-Cancer/Data/normal/normal (122).png,normal
769,D:/other/python/IMT/Breast Cancer/Breast-Cancer/Data/normal/normal (123).png,normal
770,D:/other/python/IMT/Breast Cancer/Breast-Cancer/Data/normal/normal (124).png,normal
771,D:/other/python/IMT/Breast Cancer/Breast-Cancer/Data/normal/normal (125).png,normal
772,D:/other/python/IMT/Breast Cancer/Breast-Cancer/Data/normal/normal (126).png,normal
773,D:/other/python/IMT/Breast Cancer/Breast-Cancer/Data/normal/normal (127).png,normal
774,D:/other/python/IMT/Breast Cancer/Breast-Cancer/Data/normal/normal (128).png,normal
775,D:/other/python/IMT/Breast Cancer/Breast-Cancer/Data/normal/normal (129).png,normal
776,D:/other/python/IMT/Breast Cancer/Breast-Cancer/Data/normal/normal (130).png,normal
777,D:/other/python/IMT/Breast Cancer/Breast-Cancer/Data/normal/normal (131).png,normal
778,D:/other/python/IMT/Breast Cancer/Breast-Cancer/Data/normal/normal (132).png,normal
779,D:/other/python/IMT/Breast Cancer/Breast-Cancer/Data/normal/normal (133).png,normal
